RLVFDEQA|11..18|NP_071365|Homo sapiens (human)
none|0..0|NP_071365|Homo sapiens (human)
none|0..0|NP_898984|Mus musculus (house mouse)
none|0..0|NP_001006292|Gallus gallus (chicken)
none|0..0|NP_001093848|Bos taurus (cattle)
none|0..0|NP_001102083|Rattus norvegicus (Norway rat)
none|0..0|XP_001336574|Danio rerio (zebrafish)
none|0..0|XP_002198570|Taeniopygia guttata (zebra finch)
none|0..0|XP_003932711|Saimiri boliviensis boliviensis (Bolivian squirrel monkey)
none|0..0|XP_004370244|Trichechus manatus latirostris (Florida manatee)
