LLSEKD|205..210|NP_071365|Homo sapiens (human)
VAMSQD|60..65|NP_898984|Mus musculus (house mouse)
LLNEKD|216..221|NP_898984|Mus musculus (house mouse)
LVPTHE|440..445|NP_898984|Mus musculus (house mouse)
YWSRPE|35..40|NP_001006292|Gallus gallus (chicken)
LLVEKD|223..228|NP_001006292|Gallus gallus (chicken)
LVIPID|229..234|NP_001006292|Gallus gallus (chicken)
FLVFGE|436..441|NP_001006292|Gallus gallus (chicken)
MQPP|-1..4|NP_001093848|Bos taurus (cattle)
VAMSQD|60..65|NP_001102083|Rattus norvegicus (Norway rat)
LLDEKD|216..221|NP_001102083|Rattus norvegicus (Norway rat)
LVPTHE|440..445|NP_001102083|Rattus norvegicus (Norway rat)
