YAEY,4..7,NP_0123456,dummy file
YAEY,4..7,NP_071365,Homo sapiens (human)
YAEY,4..7,NP_898984,Mus musculus (house mouse)
YAEY,4..7,NP_001006292,Gallus gallus (chicken)
YAEY,4..7,NP_001093848,Bos taurus (cattle)
YAEY,4..7,NP_001102083,Rattus norvegicus (Norway rat)
YAEY,4..7,XP_001336574,Danio rerio (zebrafish)
YFPA,YFPA,YFPA,YFPA,136..139,136..139,136..139,136..139,NP_0123456,dummy file
YSIV,YSIV,YSIV,YSIV,157..160,157..160,157..160,157..160,NP_0123456,dummy file
YRYV,YRYV,YRYV,YRYV,203..206,203..206,203..206,203..206,NP_0123456,dummy file
YRAI,YRAI,YRAI,YRAI,306..309,306..309,306..309,306..309,NP_0123456,dummy file
YFPA,YFPA,YFPA,YFPA,135..138,135..138,135..138,135..138,NP_071365,Homo sapiens (human)
YSIV,YSIV,YSIV,YSIV,156..159,156..159,156..159,156..159,NP_071365,Homo sapiens (human)
YRYL,YRYL,YRYL,YRYL,202..205,202..205,202..205,202..205,NP_071365,Homo sapiens (human)
YRAI,YRAI,YRAI,YRAI,305..308,305..308,305..308,305..308,NP_071365,Homo sapiens (human)
YFPA,YFPA,YFPA,YFPA,146..149,146..149,146..149,146..149,NP_898984,Mus musculus (house mouse)
YSTV,YSTV,YSTV,YSTV,167..170,167..170,167..170,167..170,NP_898984,Mus musculus (house mouse)
YYVY,YYVY,YYVY,YYVY,210..213,210..213,210..213,210..213,NP_898984,Mus musculus (house mouse)
YRVI,YRVI,YRVI,YRVI,316..319,316..319,316..319,316..319,NP_898984,Mus musculus (house mouse)
YSTV,YSTV,YSTV,YSTV,174..177,174..177,174..177,174..177,NP_001006292,Gallus gallus (chicken)
YLLV,YLLV,YLLV,YLLV,222..225,222..225,222..225,222..225,NP_001006292,Gallus gallus (chicken)
YKTI,YKTI,YKTI,YKTI,323..326,323..326,323..326,323..326,NP_001006292,Gallus gallus (chicken)
YIDL,YIDL,YIDL,YIDL,451..454,451..454,451..454,451..454,NP_001006292,Gallus gallus (chicken)
YFPA,YFPA,YFPA,YFPA,135..138,135..138,135..138,135..138,NP_001093848,Bos taurus (cattle)
YSTV,YSTV,YSTV,YSTV,156..159,156..159,156..159,156..159,NP_001093848,Bos taurus (cattle)
YRCL,YRCL,YRCL,YRCL,202..205,202..205,202..205,202..205,NP_001093848,Bos taurus (cattle)
YRTI,YRTI,YRTI,YRTI,322..325,322..325,322..325,322..325,NP_001093848,Bos taurus (cattle)
YFPA,YFPA,YFPA,YFPA,146..149,146..149,146..149,146..149,NP_001102083,Rattus norvegicus (Norway rat)
YSTV,YSTV,YSTV,YSTV,167..170,167..170,167..170,167..170,NP_001102083,Rattus norvegicus (Norway rat)
YYVY,YYVY,YYVY,YYVY,210..213,210..213,210..213,210..213,NP_001102083,Rattus norvegicus (Norway rat)
YRVI,YRVI,YRVI,YRVI,316..319,316..319,316..319,316..319,NP_001102083,Rattus norvegicus (Norway rat)
YPSL,YPSL,YPSL,YPSL,159..162,159..162,159..162,159..162,XP_001336574,Danio rerio (zebrafish)
YLGM,YLGM,YLGM,YLGM,187..190,187..190,187..190,187..190,XP_001336574,Danio rerio (zebrafish)
YYTL,YYTL,YYTL,YYTL,277..280,277..280,277..280,277..280,XP_001336574,Danio rerio (zebrafish)
YGVM,YGVM,YGVM,YGVM,394..397,394..397,394..397,394..397,XP_001336574,Danio rerio (zebrafish)
