MQPPPD|-1..6|NP_071365|Homo sapiens (human)
MPSQRS|-1..6|NP_898984|Mus musculus (house mouse)
MAAGGG|-1..6|NP_001006292|Gallus gallus (chicken)
MQPPPD|-1..6|NP_001093848|Bos taurus (cattle)
MPSQRS|-1..6|NP_001102083|Rattus norvegicus (Norway rat)
MADEQE|-1..6|XP_001336574|Danio rerio (zebrafish)
MAAGGG|-1..6|XP_002198570|Taeniopygia guttata (zebra finch)
MQPPQD|-1..6|XP_003932711|Saimiri boliviensis boliviensis (Bolivian squirrel monkey)
MQPAPD|-1..6|XP_004370244|Trichechus manatus latirostris (Florida manatee)
MGLGLS|-1..6|XP_007185485|Balaenoptera acutorostrata scammoni
PESRVW|-1..6|XP_010298087|Balearica regulorum gibbericeps (East African grey crowned-crane)
MAGGGE|-1..6|XP_010567831|Haliaeetus leucocephalus (bald eagle)
MDGKHT|-1..6|XP_010752899|Larimichthys crocea (large yellow croaker)
MAVIQK|-1..6|XP_010788568|Notothenia coriiceps (black rockcod)
MQAARQ|-1..6|XP_010834955|Bison bison bison
MQPPPD|-1..6|XP_010952673|Camelus bactrianus (Bactrian camel)
MPPPEP|-1..6|XP_011372437|Pteropus vampyrus (large flying fox)
MQPLPP|-1..6|XP_012421261|Odobenus rosmarus divergens (Pacific walrus)
MKLSLD|-1..6|XP_012659420|Otolemur garnettii (small-eared galago)
MAILQK|-1..6|XP_012690457|Clupea harengus (Atlantic herring)
LPWLAG|-1..6|XP_012915577|Mustela putorius furo (domestic ferret)
MTEDNF|-1..6|XP_014162953|Geospiza fortis (medium ground-finch)
MASGQA|-1..6|XP_014342411|Latimeria chalumnae (coelacanth)
MCSQRA|-1..6|XP_014704638|Equus asinus (ass)
MAAGGG|-1..6|XP_014729268|Sturnus vulgaris (Common starling)
MLKGED|-1..6|XP_015151868|Gallus gallus (chicken)
MTEDPM|-1..6|XP_015395186|Panthera tigris altaica (Amur tiger)
MQPSLD|-1..6|XP_016042416|Erinaceus europaeus (western European hedgehog)
MAILQK|-1..6|XP_017343084|Ictalurus punctatus (channel catfish)
MAILQK|-1..6|XP_017566413|Pygocentrus nattereri (red-bellied piranha)
MASTSL|-1..6|XP_018092519|Xenopus laevis (African clawed frog)
MAILQK|-1..6|XP_018921920|Cyprinus carpio (common carp)
MCFTLT|-1..6|XP_019326205|Aptenodytes forsteri (emperor penguin)
MASSGS|-1..6|XP_019403788|Crocodylus porosus (Australian saltwater crocodile)
MQSSPE|-1..6|XP_020029313|Castor canadensis (American beaver)
MLCPRP|-1..6|XP_020137329|Microcebus murinus (gray mouse lemur)
MAILQK|-1..6|XP_020315597|Oncorhynchus kisutch (coho salmon)
MALGIS|-1..6|XP_020660269|Pogona vitticeps (central bearded dragon)
MAVIQK|-1..6|XP_020785391|Boleophthalmus pectinirostris (great blue-spotted mudskipper)
MASGHC|-1..6|XP_020837214|Phascolarctos cinereus (koala)
MQPLPP|-1..6|XP_021533457|Neomonachus schauinslandi (Hawaiian monk seal)
MQPLPP|-1..6|XP_023106779|Felis catus (domestic cat)
MAVIQK|-1..6|XP_023134423|Amphiprion ocellaris (clown anemonefish)
MQPAPD|-1..6|XP_023396611|Loxodonta africana (African savanna elephant)
MQLSTD|-1..6|XP_023560125|Octodon degus (degu)
MALWQI|-1..6|XP_023847287|Salvelinus alpinus (Arctic char)
LIICLEHL|244..251|XP_023970691|Chrysemys picta bellii (western painted turtle)
LIIRLEHL|244..251|XP_024050478|Terrapene carolina triunguis (Three-toed box turtle)
MASSGS|-1..6|XP_025057523|Alligator sinensis (Chinese alligator)
MAPKPF|-1..6|XP_025787896|Puma concolor (puma)
MQPLPP|-1..6|XP_025870919|Vulpes vulpes (red fox)
MAAGCG|-1..6|XP_025913148|Apteryx rowi (Okarito brown kiwi)
MAAGGG|-1..6|XP_025948636|Dromaius novaehollandiae (emu)
MALSTG|-1..6|XP_026539206|Notechis scutatus (mainland tiger snake)
MLRTFF|-1..6|XP_026717842|Athene cunicularia (burrowing owl)
MAVIQK|-1..6|XP_028439258|Perca flavescens (yellow perch)
MALSVS|-1..6|XP_028591619|Podarcis muralis (Common wall lizard)
MAILQK|-1..6|XP_029477361|Oncorhynchus nerka (sockeye salmon)
MAAGAG|-1..6|XP_030318959|Calypte anna (Anna's hummingbird)
LRPGEQHL|6..13|XP_030618748|Delphinapterus leucas (beluga whale)
MQPLPP|-1..6|XP_032243559|Phoca vitulina (harbor seal)
MTETPS|-1..6|XP_032810649|Petromyzon marinus (sea lamprey)
