aa,positions,aaStart,aaFromEnd,accession,spp,definition,seq length,taxonomy,taxon
EAVGAA,19..24,19,511,XP_032774797,Rattus rattus (black rat),vesicular acetylcholine transporter,530,Eukaryota;Metazoa;Chordata;Craniata;Vertebrata;Euteleostomi;Mammalia;Eutheria;Euarchontoglires;Glires;Rodentia;Myomorpha;Muroidea;Muridae;Murinae;Rattus.,10117
DNMLYM,46..51,46,484,XP_032774797,Rattus rattus (black rat),vesicular acetylcholine transporter,530,Eukaryota;Metazoa;Chordata;Craniata;Vertebrata;Euteleostomi;Mammalia;Eutheria;Euarchontoglires;Glires;Rodentia;Myomorpha;Muroidea;Muridae;Murinae;Rattus.,10117
EGPTLV,69..74,69,461,XP_032774797,Rattus rattus (black rat),vesicular acetylcholine transporter,530,Eukaryota;Metazoa;Chordata;Craniata;Vertebrata;Euteleostomi;Mammalia;Eutheria;Euarchontoglires;Glires;Rodentia;Myomorpha;Muroidea;Muridae;Murinae;Rattus.,10117
DVPLLI,152..157,152,378,XP_032774797,Rattus rattus (black rat),vesicular acetylcholine transporter,530,Eukaryota;Metazoa;Chordata;Craniata;Vertebrata;Euteleostomi;Mammalia;Eutheria;Euarchontoglires;Glires;Rodentia;Myomorpha;Muroidea;Muridae;Murinae;Rattus.,10117
DYATLF,174..179,174,356,XP_032774797,Rattus rattus (black rat),vesicular acetylcholine transporter,530,Eukaryota;Metazoa;Chordata;Craniata;Vertebrata;Euteleostomi;Mammalia;Eutheria;Euarchontoglires;Glires;Rodentia;Myomorpha;Muroidea;Muridae;Murinae;Rattus.,10117
DTSGIA,193..198,193,337,XP_032774797,Rattus rattus (black rat),vesicular acetylcholine transporter,530,Eukaryota;Metazoa;Chordata;Craniata;Vertebrata;Euteleostomi;Mammalia;Eutheria;Euarchontoglires;Glires;Rodentia;Myomorpha;Muroidea;Muridae;Murinae;Rattus.,10117
ERSRAL,209..214,209,321,XP_032774797,Rattus rattus (black rat),vesicular acetylcholine transporter,530,Eukaryota;Metazoa;Chordata;Craniata;Vertebrata;Euteleostomi;Mammalia;Eutheria;Euarchontoglires;Glires;Rodentia;Myomorpha;Muroidea;Muridae;Murinae;Rattus.,10117
DALLLL,255..260,255,275,XP_032774797,Rattus rattus (black rat),vesicular acetylcholine transporter,530,Eukaryota;Metazoa;Chordata;Craniata;Vertebrata;Euteleostomi;Mammalia;Eutheria;Euarchontoglires;Glires;Rodentia;Myomorpha;Muroidea;Muridae;Murinae;Rattus.,10117
DPYIAV,288..293,288,242,XP_032774797,Rattus rattus (black rat),vesicular acetylcholine transporter,530,Eukaryota;Metazoa;Chordata;Craniata;Vertebrata;Euteleostomi;Mammalia;Eutheria;Euarchontoglires;Glires;Rodentia;Myomorpha;Muroidea;Muridae;Murinae;Rattus.,10117
EMGMVW,326..331,326,204,XP_032774797,Rattus rattus (black rat),vesicular acetylcholine transporter,530,Eukaryota;Metazoa;Chordata;Craniata;Vertebrata;Euteleostomi;Mammalia;Eutheria;Euarchontoglires;Glires;Rodentia;Myomorpha;Muroidea;Muridae;Murinae;Rattus.,10117
ERDVLL,481..486,481,49,XP_032774797,Rattus rattus (black rat),vesicular acetylcholine transporter,530,Eukaryota;Metazoa;Chordata;Craniata;Vertebrata;Euteleostomi;Mammalia;Eutheria;Euarchontoglires;Glires;Rodentia;Myomorpha;Muroidea;Muridae;Murinae;Rattus.,10117
DDYNYY,522..527,522,8,XP_032774797,Rattus rattus (black rat),vesicular acetylcholine transporter,530,Eukaryota;Metazoa;Chordata;Craniata;Vertebrata;Euteleostomi;Mammalia;Eutheria;Euarchontoglires;Glires;Rodentia;Myomorpha;Muroidea;Muridae;Murinae;Rattus.,10117
